case_id,category,title,publisher,publication_date,geography,source_type,url,subfolder
RW-2026-03-30-CDN-CACHE,software_outage,Railway authenticated-content cache exposure incident,Railway,2026-03-30,Global cloud platform,Incident report / postmortem,https://blog.railway.com/p/incident-report-march-30-2026-authenticated-user-data-cached,software_outages_new
GH-2026-03-03-CACHE-STORM,software_outage,GitHub March 3 cache-expiry write storm incident,GitHub,2026-04-08,Global software platform,Availability report / incident recap,https://github.blog/news-insights/company-news/github-availability-report-march-2026/,software_outages_new
GH-2026-03-05-REDIS-LB,software_outage,GitHub March 5 Actions Redis load-balancer incident,GitHub,2026-04-08,Global software platform,Availability report / incident recap,https://github.blog/news-insights/company-news/github-availability-report-march-2026/,software_outages_new
NB-2026-03-10-USCENTRAL1-POWER,software_outage,Nebius us-central1 provider-maintenance power incident,Nebius,2026-03-20,United States region (us-central1),Incident postmortem,https://nebius.com/blog/posts/incident-post-mortem-analysis-us-central1-service-disruption-on-march-10,software_outages_new
NB-2026-02-26-EUNORTH1-RESTART,software_outage,Nebius eu-north-1 power fault and mass-restart recovery incident,Nebius,2026-03-17,Europe region (eu-north-1),Incident postmortem,https://nebius.com/blog/posts/incident-post-mortem-analysis-eu-north-1-service-disruption,software_outages_new
NZ-2026-04-01-CORRECTIONS-HOUSING,audit_program_review,Department of Corrections: Planning for stable housing outcomes,Office of the Auditor-General New Zealand,2026-04-01,New Zealand,Program review / performance audit,https://oag.parliament.nz/2026/corrections-housing,audit_program_reviews_new
AU-2026-03-12-COMMUNITY-BATTERIES,audit_program_review,Community Batteries for Household Solar Program,Australian National Audit Office (ANAO),2026-03-12,Australia,Performance audit report,https://www.anao.gov.au/work/performance-audit/community-batteries-household-solar-program,audit_program_reviews_new
IN-2026-02-19-UPSIDA,audit_program_review,Working of Uttar Pradesh State Industrial Development Authority (UPSIDA),Comptroller and Auditor General of India,2026-02-19,India,Performance audit report,https://cag.gov.in/ag1/uttar-pradesh/en/audit-report/details/124053,audit_program_reviews_new
EU-2026-02-02-CRITICAL-RAW-MATERIALS,audit_program_review,Critical raw materials for the energy transition – Not a rock-solid policy,European Court of Auditors,2026-02-02,European Union,Special report / performance audit,https://www.eca.europa.eu/en/publications?ref=SR-2026-04,audit_program_reviews_new
UK-2026-02-11-UNLOCKING-LAND,audit_program_review,Unlocking land for housing,National Audit Office (UK),2026-02-11,United Kingdom (England),Value-for-money report,https://www.nao.org.uk/reports/unlocking-land-for-housing/,audit_program_reviews_new
